"Locale","区域"
"Add New Translation","添加翻译语句"
"Add Translation","添加翻译语句"
"Edit Translation","编辑翻译语句"
"Original","原文"
"Translated","译文"
"Translation","翻译"
"Translation Management","翻译管理"
"AUS Central Standard Time (Australia/Darwin)","澳大利亚中部标准时间 (澳大利亚/达尔文)"
"AUS Eastern Standard Time (Australia/Melbourne)","澳大利亚东部标准时间 (澳大利亚/墨尔本)"
"AUS Eastern Standard Time (Australia/Sydney)","澳大利亚东部标准时间 (澳大利亚/悉尼)"
"Afghanistan Standard Time (Asia/Kabul)","阿富汗标准时间 (亚洲/喀布尔)"
"Alaskan Standard Time (America/Anchorage)","阿拉斯加标准时间 (美洲/安克雷奇)"
"Alaskan Standard Time (America/Juneau)","阿拉斯加标准时间 (美洲/朱诺)"
"Alaskan Standard Time (America/Nome)","阿拉斯加标准时间 (美洲/诺姆)"
"Alaskan Standard Time (America/Sitka)","阿拉斯加标准时间 (美洲/锡特卡)"
"Alaskan Standard Time (America/Yakutat)","阿拉斯加标准时间 (美洲/亚库塔特)"
"Arab Standard Time (Asia/Aden)","阿拉伯标准时间 (亚洲/亚丁)"
"Arab Standard Time (Asia/Bahrain)","阿拉伯标准时间 (亚洲/巴林)"
"Arab Standard Time (Asia/Kuwait)","阿拉伯标准时间 (亚洲/科威特)"
"Arab Standard Time (Asia/Qatar)","阿拉伯标准时间 (亚洲/卡塔尔)"
"Arab Standard Time (Asia/Riyadh)","阿拉伯标准时间 (亚洲/利雅得)"
"Arabian Standard Time (Asia/Dubai)","阿拉伯标准时间 (亚洲/迪拜)"
"Arabian Standard Time (Asia/Muscat)","阿拉伯标准时间 (亚洲/马斯喀特)"
"Arabian Standard Time (Etc/GMT-4)","阿拉伯标准时间 (ETC/GMT-4)"
"Arabic Standard Time (Asia/Baghdad)","阿拉伯标准时间 (亚洲/巴格达)"，
"Argentina Standard Time (America/Argentina/La_Rioja)","阿根廷标准时间 (美洲/阿根廷/拉里奥哈)"
"Argentina Standard Time (America/Argentina/Rio_Gallegos)","阿根廷标准时间 (美洲/阿根廷/里奥加耶戈斯)"
"Argentina Standard Time (America/Argentina/Salta)","阿根廷标准时间 (美洲/阿根廷/萨尔塔)"
"Argentina Standard Time (America/Argentina/San_Juan)","阿根廷标准时间 (美洲/阿根廷/圣胡安)"
"Argentina Standard Time (America/Argentina/San_Luis)","阿根廷标准时间 (美洲/阿根廷/圣路易斯)"
"Argentina Standard Time (America/Argentina/Tucuman)","阿根廷标准时间 (美洲/阿根廷/图库曼)"
"Argentina Standard Time (America/Argentina/Ushuaia)","阿根廷标准时间 (美洲/阿根廷/乌斯怀亚)"
"Argentina Standard Time (America/Buenos_Aires)","阿根廷标准时间 (美洲/布宜诺斯艾利斯)"
"Argentina Standard Time (America/Catamarca)","阿根廷标准时间 (美洲/卡塔马卡)"
"Argentina Standard Time (America/Cordoba)","阿根廷标准时间 (美洲/科尔多瓦)"
"Argentina Standard Time (America/Jujuy)","阿根廷标准时间 (美洲/胡胡伊)"
"Argentina Standard Time (America/Mendoza)","阿根廷标准时间 (美洲/门多萨)"
"Atlantic Standard Time (America/Glace_Bay)","大西洋标准时间 (美洲/格莱斯贝)"
"Atlantic Standard Time (America/Goose_Bay)","大西洋标准时间 (美洲/古斯湾)"
"Atlantic Standard Time (America/Halifax)","大西洋标准时间 (美洲/哈利法克斯)"
"Atlantic Standard Time (America/Moncton)","大西洋标准时间 (美洲/蒙克顿)"
"Atlantic Standard Time (America/Thule)","大西洋标准时间 (美洲/图勒)"
"Atlantic Standard Time (Atlantic/Bermuda)","大西洋标准时间 (大西洋/百慕大)"
"Azerbaijan Standard Time (Asia/Baku)","阿塞拜疆标准时间 (亚洲/巴库)"
"Azores Standard Time (America/Scoresbysund)","亚速尔群岛标准时间 (美洲/斯科斯比松)"
"Azores Standard Time (Atlantic/Azores)","亚速尔群岛标准时间 (大西洋/亚速尔群岛)"
"Bahia Standard Time (America/Bahia)","巴伊亚标准时间 (美洲/巴伊亚)"
"Bangladesh Standard Time (Asia/Dhaka)","孟加拉国标准时间 (亚洲/达卡)"
"Bangladesh Standard Time (Asia/Thimphu)","孟加拉国标准时间 (亚洲/廷布)"
"Canada Central Standard Time (America/Regina)","加拿大中部标准时间 (美洲/里贾纳)"
"Canada Central Standard Time (America/Swift_Current)","加拿大中部标准时间 (美洲/斯威夫特卡伦特)"
"Cape Verde Standard Time (Atlantic/Cape_Verde)","佛得角标准时间 (大西洋/佛得角)"
"Cape Verde Standard Time (Etc/GMT+1)","佛得角标准时间 (ETC/GMT+1)"
"Caucasus Standard Time (Asia/Yerevan)","高加索标准时间 (亚洲/埃里温)"
"Cen. Australia Standard Time (Australia/Adelaide)","澳大利亚中部标准时间 (澳大利亚/阿德莱德)"
"Cen. Australia Standard Time (Australia/Broken_Hill)","澳大利亚中部标准时间 (澳大利亚/布罗肯希尔)"，
"Central America Standard Time (America/Belize)","中美洲标准时间 (美洲/伯利兹)"
"Central America Standard Time (America/Costa_Rica)","中美洲标准时间 (美洲/哥斯达黎加)"
"Central America Standard Time (America/El_Salvador)","中美洲标准时间 (美洲/萨尔瓦多)"
"Central America Standard Time (America/Guatemala)","中美洲标准时间 (美洲/危地马拉)"
"Central America Standard Time (America/Managua)","中美洲标准时间 (美洲/马那瓜)"
"Central America Standard Time (America/Tegucigalpa)","中美洲标准时间 (美洲/特古西加尔巴)"
"Central America Standard Time (Etc/GMT+6)","中美洲标准时间 (ETC/GMT+6)"
"Central America Standard Time (Pacific/Galapagos)","中美洲标准时间 (太平洋/加拉帕戈斯)"
"Central Asia Standard Time (Antarctica/Vostok)","中亚标准时间 (南极洲/东方站)"
"Central Asia Standard Time (Asia/Almaty)","中亚标准时间 (亚洲/阿拉木图)"
"Central Asia Standard Time (Asia/Bishkek)","中亚标准时间 (亚洲/比什凯克)"
"Central Asia Standard Time (Asia/Qyzylorda)","中亚标准时间 (亚洲/克孜勒奥尔达)"
"Central Asia Standard Time (Etc/GMT-6)","中亚标准时间 (ETC/GMT-6)"
"Central Asia Standard Time (Indian/Chagos)","中亚标准时间 (印度/查戈斯)"
"Central Brazilian Standard Time (America/Campo_Grande)","巴西中部标准时间 (美洲/大坎普)"
"Central Brazilian Standard Time (America/Cuiaba)","巴西中部标准时间 (美洲/库亚巴)"
"Central Europe Standard Time (Europe/Belgrade)","中欧标准时间 (欧洲/贝尔格莱德)"
"Central Europe Standard Time (Europe/Bratislava)","中欧标准时间 (欧洲/布拉迪斯拉发)"
"Central Europe Standard Time (Europe/Budapest)","中欧标准时间 (欧洲/布达佩斯)"
"Central Europe Standard Time (Europe/Ljubljana)","中欧标准时间 (欧洲/卢布尔雅那)"
"Central Europe Standard Time (Europe/Podgorica)","中欧标准时间 (欧洲/波德戈里察)"
"Central Europe Standard Time (Europe/Prague)","中欧标准时间 (欧洲/布拉格)"
"Central Europe Standard Time (Europe/Tirane)","中欧标准时间 (欧洲/地拉那)"
"Central European Standard Time (Europe/Sarajevo)","中欧标准时间 (欧洲/萨拉热窝)"
"Central European Standard Time (Europe/Skopje)","中欧标准时间 (欧洲/斯科普里)"
"Central European Standard Time (Europe/Warsaw)","中欧标准时间 (欧洲/华沙)"
"Central European Standard Time (Europe/Zagreb)","中欧标准时间 (欧洲/萨格勒布)"
"Central Pacific Standard Time (Antarctica/Macquarie)","环太平洋标准时间 (南极洲/麦格理)"
"Central Pacific Standard Time (Etc/GMT-11)","环太平洋标准时间 (ETC/GMT-11)"
"Central Pacific Standard Time (Pacific/Efate)","环太平洋标准时间 (太平洋/埃法特岛)"
"Central Pacific Standard Time (Pacific/Guadalcanal)","环太平洋标准时间 (太平洋/瓜达尔卡纳尔岛)"
"Central Pacific Standard Time (Pacific/Kosrae)","环太平洋标准时间 (太平洋/科斯雷)"
"Central Pacific Standard Time (Pacific/Noumea)","环太平洋标准时间 (太平洋/努美阿)"
"Central Pacific Standard Time (Pacific/Ponape)","环太平洋标准时间 (太平洋/波纳佩岛)"
"Central Standard Time (America/Chicago)","中部标准时间 (美洲/芝加哥)"
"Central Standard Time (America/Indiana/Knox)","中部标准时间 (美洲/印第安纳州/诺克斯)"
"Central Standard Time (America/Indiana/Tell_City)","中部标准时间 (美洲/印第安纳州/特尔城)"
"Central Standard Time (America/Matamoros)","中部标准时间 (美洲/马塔莫罗斯)"
"Central Standard Time (America/Menominee)","中部标准时间 (美洲/梅诺米尼)"
"Central Standard Time (America/North_Dakota/Beulah)","中部标准时间 (美洲/北达科他/比乌拉)"
"Central Standard Time (America/North_Dakota/Center)","中部标准时间 (美洲/北达科他/中心)"
"Central Standard Time (America/North_Dakota/New_Salem)","中部标准时间 (美洲/北达科他/新塞勒姆)"
"Central Standard Time (America/Rainy_River)","中部标准时间 (美洲/雷尼里弗)"
"Central Standard Time (America/Rankin_Inlet)","中部标准时间 (美洲/兰金因莱特)"
"Central Standard Time (America/Resolute)","中部标准时间 (美洲/坚决)"
"Central Standard Time (America/Winnipeg)","中部标准时间 (美洲/温尼伯)"
"Central Standard Time (CST6CDT)","中部标准时间 (CST6CDT)"
"Central Standard Time (Mexico) (America/Bahia_Banderas)","中部标准时间 (墨西哥) (美洲/巴伊亚班德拉斯)"
"Central Standard Time (Mexico) (America/Cancun)","中部标准时间 (墨西哥) (美洲/坎昆)"
"Central Standard Time (Mexico) (America/Merida)","中部标准时间 (墨西哥) (美洲/梅里达)"
"Central Standard Time (Mexico) (America/Mexico_City)","中部标准时间 (墨西哥) (美洲/墨西哥城)"
"Central Standard Time (Mexico) (America/Monterrey)","中部标准时间 (墨西哥) (美洲/蒙特雷)"
"China Standard Time (Asia/Chongqing)","中国标准时间 (亚洲/重庆)"
"China Standard Time (Asia/Harbin)","中国标准时间 (亚洲/哈尔滨)"
"China Standard Time (Asia/Hong_Kong)","中国标准时间 (亚洲/香港)"
"China Standard Time (Asia/Kashgar)","中国标准时间 (亚洲/喀什)"
"China Standard Time (Asia/Macau)","中国标准时间 (亚洲/澳门)"
"China Standard Time (Asia/Shanghai)","中国标准时间 (亚洲/上海)"
"China Standard Time (Asia/Urumqi)","中国标准时间 (亚洲/乌鲁木齐)"
"Dateline Standard Time (Etc/GMT+12)","日界线标准时间 (ETC/GMT+12)"，
"E. Africa Standard Time (Africa/Addis_Ababa)","东非标准时间 (非洲/亚的斯亚贝巴)"
"E. Africa Standard Time (Africa/Asmera)","东非标准时间 (非洲/阿斯马拉)"
"E. Africa Standard Time (Africa/Dar_es_Salaam)","东非标准时间 (非洲/达累斯萨拉姆)"
"E. Africa Standard Time (Africa/Djibouti)","东非标准时间 (非洲/吉布提)"
"E. Africa Standard Time (Africa/Juba)","东非标准时间 (非洲/朱巴)"
"E. Africa Standard Time (Africa/Kampala)","东非标准时间 (非洲/坎帕拉)"
"E. Africa Standard Time (Africa/Khartoum)","东非标准时间 (非洲/喀土穆)"
"E. Africa Standard Time (Africa/Mogadishu)","东非标准时间 (非洲/摩加迪沙)"
"E. Africa Standard Time (Africa/Nairobi)","东非标准时间 (非洲/内罗毕)"
"E. Africa Standard Time (Antarctica/Syowa)","东非标准时间 (南极洲/昭和)"
"E. Africa Standard Time (Etc/GMT-3)","东非标准时间 (ETC/GMT-3)"
"E. Africa Standard Time (Indian/Antananarivo)","东非标准时间 (印度/塔那那利佛)"
"E. Africa Standard Time (Indian/Comoro)","东非标准时间 (印度/科摩罗)"
"E. Africa Standard Time (Indian/Mayotte)","东非标准时间 (印度/马约特岛)"
"E. Australia Standard Time (Australia/Brisbane)","澳大利亚东部标准时间 (澳大利亚/布里斯班)"
"E. Australia Standard Time (Australia/Lindeman)","澳大利亚东部标准时间 (澳大利亚/林德曼)"
"E. South America Standard Time (America/Sao_Paulo)","南美洲东部标准时间 (美洲/圣保罗)"，
"Eastern Standard Time (America/Detroit)","东部标准时间 (美洲/底特律)"
"Eastern Standard Time (America/Grand_Turk)","东部标准时间 (美洲/大特克)"
"Eastern Standard Time (America/Havana)","东部标准时间 (美洲/哈瓦那)"，
"Eastern Standard Time (America/Indiana/Petersburg)","东部标准时间 (美洲/印第安纳州/圣彼得堡)"
"Eastern Standard Time (America/Indiana/Vincennes)","东部标准时间 (美洲/印第安纳州/文森斯)"
"Eastern Standard Time (America/Indiana/Winamac)","东部标准时间 (美洲/印第安纳州/威纳马克)"
"Eastern Standard Time (America/Iqaluit)","东部标准时间 (美洲/伊魁特)"
"Eastern Standard Time (America/Kentucky/Monticello)","东部标准时间 (美洲/肯塔基州/蒙蒂塞洛)"
"Eastern Standard Time (America/Louisville)","东部标准时间 (美洲/路易斯维尔)"
"Eastern Standard Time (America/Montreal)","东部标准时间 (美洲/蒙特利尔)"
"Eastern Standard Time (America/Nassau)","东部标准时间 (美洲/拿骚)"
"Eastern Standard Time (America/New_York)","东部标准时间 (美洲/纽约)"，
"Eastern Standard Time (America/Nipigon)","东部标准时间 (美洲/尼皮贡)"
"Eastern Standard Time (America/Pangnirtung)","东部标准时间 (美洲/庞纳唐)"
"Eastern Standard Time (America/Port-au-Prince)","东部标准时间 (美洲/太子港)"
"Eastern Standard Time (America/Thunder_Bay)","东部标准时间 (美洲/桑德贝)"
"Eastern Standard Time (America/Toronto)","东部标准时间 (美洲/多伦多)"
"Eastern Standard Time (EST5EDT)","东部标准时间 (EST5EDT)"
"Egypt Standard Time (Africa/Cairo)","埃及标准时间 (非洲/开罗)"
"Ekaterinburg Standard Time (Asia/Yekaterinburg)","叶卡捷琳堡标准时间 (亚洲/叶卡捷琳堡)"
"FLE Standard Time (Europe/Helsinki)","FLE标准时间 (欧洲/赫尔辛基)"
"FLE Standard Time (Europe/Kiev)","FLE标准时间 (欧洲/基辅)"
"FLE Standard Time (Europe/Mariehamn)","FLE标准时间 (欧洲/玛丽港)"
"FLE Standard Time (Europe/Riga)","FLE标准时间 (欧洲/里加)"
"FLE Standard Time (Europe/Simferopol)","FLE标准时间 (欧洲/辛菲罗波尔)"
"FLE Standard Time (Europe/Sofia)","FLE标准时间 (欧洲/索非亚)"
"FLE Standard Time (Europe/Tallinn)","FLE标准时间 (欧洲/塔林)"
"FLE Standard Time (Europe/Uzhgorod)","FLE标准时间 (欧洲/乌日哥罗德)"
"FLE Standard Time (Europe/Vilnius)","FLE标准时间 (欧洲/维尔纽斯)"
"FLE Standard Time (Europe/Zaporozhye)","FLE标准时间 (欧洲/扎波罗热)"
"Fiji Standard Time (Pacific/Fiji)","斐济标准时间 (太平洋/斐济)"
"GMT Standard Time (Atlantic/Canary)","GMT标准时间 (大西洋/加那利)"
"GMT Standard Time (Atlantic/Faeroe)","GMT标准时间 (大西洋/法罗)"
"GMT Standard Time (Atlantic/Madeira)","GMT标准时间 (大西洋/马德拉岛)"
"GMT Standard Time (Europe/Dublin)","GMT标准时间 (欧洲/都柏林)"
"GMT Standard Time (Europe/Guernsey)","GMT标准时间 (欧洲/根西岛)"
"GMT Standard Time (Europe/Isle_of_Man)","GMT标准时间 (欧洲/马恩岛)"
"GMT Standard Time (Europe/Jersey)","GMT标准时间 (欧洲/泽西岛)"
"GMT Standard Time (Europe/Lisbon)","GMT标准时间 (欧洲/里斯本)"
"GMT Standard Time (Europe/London)","GMT标准时间 (欧洲/伦敦)"
"GTB Standard Time (Asia/Nicosia)","GTB标准时间 (亚洲/尼科西亚)"
"GTB Standard Time (Europe/Athens)","GTB标准时间 (欧洲/雅典)"
"GTB Standard Time (Europe/Bucharest)","GTB标准时间 (欧洲/布加勒斯特)"
"GTB Standard Time (Europe/Chisinau)","GTB标准时间 (欧洲/基希讷乌)"
"Georgian Standard Time (Asia/Tbilisi)","格鲁吉亚标准时间 (亚洲/第比利斯)"
"Greenland Standard Time (America/Godthab)","格陵兰标准时间 (美洲/戈特霍布)"
"Greenwich Standard Time (Africa/Abidjan)","格林尼治标准​​时间 (非洲/阿比让)"
"Greenwich Standard Time (Africa/Accra)","格林尼治标准​​时间 (非洲/阿克拉)"
"Greenwich Standard Time (Africa/Bamako)","格林尼治标准​​时间 (非洲/巴马科)"
"Greenwich Standard Time (Africa/Banjul)","格林尼治标准​​时间 (非洲/班珠尔)"
"Greenwich Standard Time (Africa/Bissau)","格林尼治标准​​时间 (非洲/比绍)"
"Greenwich Standard Time (Africa/Conakry)","格林尼治标准​​时间 (非洲/科纳克里)"
"Greenwich Standard Time (Africa/Dakar)","格林尼治标准​​时间 (非洲/达喀尔)"
"Greenwich Standard Time (Africa/Freetown)","格林尼治标准​​时间 (非洲/弗里敦)"
"Greenwich Standard Time (Africa/Lome)","格林尼治标准​​时间 (非洲/洛美)"
"Greenwich Standard Time (Africa/Monrovia)","格林尼治标准​​时间 (非洲/蒙罗维亚)"
"Greenwich Standard Time (Africa/Nouakchott)","格林尼治标准​​时间 (非洲/努瓦克肖特)"
"Greenwich Standard Time (Africa/Ouagadougou)","格林尼治标准​​时间 (非洲/瓦加杜古)"
"Greenwich Standard Time (Africa/Sao_Tome)","格林尼治标准​​时间 (非洲/圣多美)"
"Greenwich Standard Time (Atlantic/Reykjavik)","格林尼治标准​​时间 (大西洋/雷克雅未克)"
"Greenwich Standard Time (Atlantic/St_Helena)","格林尼治标准​​时间 (大西洋/圣赫勒拿)"
"Hawaiian Standard Time (Etc/GMT+10)","夏威夷标准时间 (ETC/GMT+10)"，
"Hawaiian Standard Time (Pacific/Honolulu)","夏威夷标准时间 (太平洋/火奴鲁鲁)"
"Hawaiian Standard Time (Pacific/Johnston)","夏威夷标准时间 (太平洋/约翰斯顿)"
"Hawaiian Standard Time (Pacific/Rarotonga)","夏威夷标准时间 (太平洋/拉罗汤加岛)"
"Hawaiian Standard Time (Pacific/Tahiti)","夏威夷标准时间 (太平洋/塔希提岛)"
"India Standard Time (Asia/Calcutta)","印度标准时间 (亚洲/加尔各答)"
"Iran Standard Time (Asia/Tehran)","伊朗标准时间 (亚洲/德黑兰)"
"Israel Standard Time (Asia/Jerusalem)","以色列标准时间 (亚洲/耶路撒冷)"
"Jordan Standard Time (Asia/Amman)","乔丹标准时间 (亚洲/安曼)"
"Kaliningrad Standard Time (Europe/Kaliningrad)","加里宁格勒标准时间 (欧洲/加里宁格勒)"
"Kaliningrad Standard Time (Europe/Minsk)","加里宁格勒标准时间 (欧洲/明斯克)"
"Korea Standard Time (Asia/Pyongyang)","韩国标准时间 (亚洲/平壤)"
"Korea Standard Time (Asia/Seoul)","韩国标准时间 (亚洲/首尔)"
"Libya Standard Time (Africa/Tripoli)","利比亚标准时间 (非洲/的黎波里)"
"Magadan Standard Time (Asia/Anadyr)","马加丹标准时间 (亚洲/阿纳德尔)"
"Magadan Standard Time (Asia/Kamchatka)","马加丹标准时间 (亚洲/堪察加)"
"Magadan Standard Time (Asia/Magadan)","马加丹标准时间 (亚洲/马加丹)"
"Mauritius Standard Time (Indian/Mahe)","毛里求斯标准时间 (印度/马埃)"
"Mauritius Standard Time (Indian/Mauritius)","毛里求斯标准时间 (印度/毛里求斯)"
"Mauritius Standard Time (Indian/Reunion)","毛里求斯标准时间 (印度/留尼汪)"
"Middle East Standard Time (Asia/Beirut)","中东标准时间 (亚洲/贝鲁特)"
"Montevideo Standard Time (America/Montevideo)","蒙得维的亚标准时间 (美洲/蒙得维的亚)"
"Morocco Standard Time (Africa/Casablanca)","摩洛哥标准时间 (非洲/卡萨布兰卡)"
"Morocco Standard Time (Africa/El_Aaiun)","摩洛哥标准时间 (非洲/阿尤恩)"
"Mountain Standard Time (America/Boise)","山地标准时间 (美洲/博伊西)"
"Mountain Standard Time (America/Cambridge_Bay)","山地标准时间 (美洲/剑桥湾)"
"Mountain Standard Time (America/Denver)","山地标准时间 (美洲/丹佛)"
"Mountain Standard Time (America/Edmonton)","山地标准时间 (美洲/埃德蒙顿)"
"Mountain Standard Time (America/Inuvik)","山地标准时间 (美洲/伊努维克)"
"Mountain Standard Time (America/Ojinaga)","山地标准时间 (美洲/奥希纳加)"
"Mountain Standard Time (America/Shiprock)","山地标准时间 (美洲/希普罗克)"
"Mountain Standard Time (America/Yellowknife)","山地标准时间 (美洲/耶洛奈夫)"
"Mountain Standard Time (MST7MDT)","山地标准时间 (MST7MDT)"
"Mountain Standard Time (Mexico) (America/Chihuahua)","山地标准时间 (墨西哥) (美洲/奇瓦瓦)"
"Mountain Standard Time (Mexico) (America/Mazatlan)","山地标准时间 (墨西哥) (美洲/马萨特兰)"
"Myanmar Standard Time (Asia/Rangoon)","缅甸标准时间 (亚洲/仰光)"
"Myanmar Standard Time (Indian/Cocos)","缅甸标准时间 (印度/科科斯)"
"N. Central Asia Standard Time (Asia/Novokuznetsk)","中亚北部标准时间 (亚洲/新库兹涅茨克)"
"N. Central Asia Standard Time (Asia/Novosibirsk)","中亚北部标准时间 (亚洲/新西伯利亚)"
"N. Central Asia Standard Time (Asia/Omsk)","中亚北部标准时间 (亚洲/鄂木斯克)"
"Namibia Standard Time (Africa/Windhoek)","纳米比亚标准时间 (非洲/温得和克)"
"Nepal Standard Time (Asia/Katmandu)","尼泊尔标准时间 (亚洲/加德满都)"
"New Zealand Standard Time (Antarctica/McMurdo)","新西兰标准时间 (南极洲/麦克默多)"
"New Zealand Standard Time (Antarctica/South_Pole)","新西兰标准时间 (南极洲/南极)"
"New Zealand Standard Time (Pacific/Auckland)","新西兰标准时间 (太平洋/奥克兰)"
"Newfoundland Standard Time (America/St_Johns)","纽芬兰标准时间 (美洲/圣约翰斯)"
"North Asia East Standard Time (Asia/Irkutsk)","北东亚标准时间 (亚洲/伊尔库茨克)"
"North Asia Standard Time (Asia/Krasnoyarsk)","北亚标准时间 (亚洲/克拉斯诺亚尔斯克)"
"Pacific SA Standard Time (America/Santiago)","太平洋SA标准时间 (美洲/圣地亚哥)"
"Pacific SA Standard Time (Antarctica/Palmer)","太平洋SA标准时间 (南极洲/帕尔默地)"
"Pacific Standard Time (America/Dawson)","太平洋标准时间 (美洲/道森)"
"Pacific Standard Time (America/Los_Angeles)","太平洋标准时间 (美洲/洛杉矶)"
"Pacific Standard Time (America/Tijuana)","太平洋标准时间 (美洲/蒂华纳)"
"Pacific Standard Time (America/Vancouver)","太平洋标准时间 (美洲/温哥华)"
"Pacific Standard Time (America/Whitehorse)","太平洋标准时间 (美洲/白马)"
"Pacific Standard Time (Mexico) (America/Santa_Isabel)","太平洋标准时间 (墨西哥) (美洲/圣伊萨贝尔)"
"Pacific Standard Time (PST8PDT)","太平洋标准时间 (PST8PDT)"
"Pakistan Standard Time (Asia/Karachi)","巴基斯坦标准时间 (亚洲/卡拉奇)"
"Paraguay Standard Time (America/Asuncion)","巴拉圭标准时间 (美洲/亚松森)"
"Romance Standard Time (Africa/Ceuta)","中欧标准时间 (非洲/休达)"
"Romance Standard Time (Europe/Brussels)","中欧标准时间 (欧洲/布鲁塞尔)"
"Romance Standard Time (Europe/Copenhagen)","中欧标准时间 (欧洲/哥本哈根)"
"Romance Standard Time (Europe/Madrid)","中欧标准时间 (欧洲/马德里)"
"Romance Standard Time (Europe/Paris)","中欧标准时间 (欧洲/巴黎)"
"Russian Standard Time (Europe/Moscow)","俄罗斯标准时间 (欧洲/莫斯科)"
"Russian Standard Time (Europe/Samara)","俄罗斯标准时间 (欧洲/萨马拉)"
"Russian Standard Time (Europe/Volgograd)","俄罗斯标准时间 (欧洲/伏尔加格勒)"
"SA Eastern Standard Time (America/Araguaina)","SA东部标准时间 (美洲/阿拉圭纳)"
"SA Eastern Standard Time (America/Belem)","SA东部标准时间 (美洲/贝伦)"
"SA Eastern Standard Time (America/Cayenne)","SA东部标准时间 (美洲/卡宴)"
"SA Eastern Standard Time (America/Fortaleza)","SA东部标准时间 (美洲/福塔雷萨)"
"SA Eastern Standard Time (America/Maceio)","SA东部标准时间 (美洲/马塞约)"
"SA Eastern Standard Time (America/Paramaribo)","SA东部标准时间 (美洲/帕拉马里博)"
"SA Eastern Standard Time (America/Recife)","SA东部标准时间 (美洲/累西腓)"
"SA Eastern Standard Time (America/Santarem)","SA东部标准时间 (美洲/圣塔伦)"
"SA Eastern Standard Time (Antarctica/Rothera)","SA东部标准时间 (南极洲/路德)"
"SA Eastern Standard Time (Atlantic/Stanley)","SA东部标准时间 (大西洋/斯坦利)"
"SA Eastern Standard Time (Etc/GMT+3)","SA东部标准时间 (ETC/GMT+3)"，
"SA Pacific Standard Time (America/Bogota)","SA太平洋标准时间 (美洲/波哥大)"
"SA Pacific Standard Time (America/Cayman)","SA太平洋标准时间 (美洲/开曼)"
"SA Pacific Standard Time (America/Coral_Harbour)","SA太平洋标准时间 (美洲/科勒尔港)"
"SA Pacific Standard Time (America/Eirunepe)","SA太平洋标准时间 (美洲/埃鲁内佩)"
"SA Pacific Standard Time (America/Guayaquil)","SA太平洋标准时间 (美洲/瓜亚基尔)"
"SA Pacific Standard Time (America/Jamaica)","SA太平洋标准时间 (美洲/牙买加)"
"SA Pacific Standard Time (America/Lima)","SA太平洋标准时间 (美洲/利马)"
"SA Pacific Standard Time (America/Panama)","SA太平洋标准时间 (美洲/巴拿马)"
"SA Pacific Standard Time (America/Rio_Branco)","SA太平洋标准时间 (美洲/里奥布朗库)"
"SA Pacific Standard Time (Etc/GMT+5)","SA太平洋标准时间 (ETC/GMT+5)"，
"SA Western Standard Time (America/Anguilla)","SA西部标准时间 (美洲/安圭拉)"
"SA Western Standard Time (America/Antigua)","SA西部标准时间 (美洲/安提瓜)"
"SA Western Standard Time (America/Aruba)","SA西部标准时间 (美洲/阿鲁巴岛)"
"SA Western Standard Time (America/Barbados)","SA西部标准时间 (美洲/巴巴多斯)"
"SA Western Standard Time (America/Blanc-Sablon)","SA西部标准时间 (美洲/勃朗萨布隆)"
"SA Western Standard Time (America/Boa_Vista)","SA西部标准时间 (美洲/博阿维斯塔)"
"SA Western Standard Time (America/Curacao)","SA西部标准时间 (美洲/库拉索)"
"SA Western Standard Time (America/Dominica)","SA西部标准时间 (美洲/多米尼加)"
"SA Western Standard Time (America/Grenada)","SA西部标准时间 (美洲/格林纳达)"
"SA Western Standard Time (America/Guadeloupe)","SA西部标准时间 (美洲/瓜德罗普岛)"
"SA Western Standard Time (America/Guyana)","SA西部标准时间 (美洲/圭亚那)"
"SA Western Standard Time (America/Kralendijk)","SA西部标准时间 (美洲/克拉伦代克)"
"SA Western Standard Time (America/La_Paz)","SA西部标准时间 (美洲/拉巴斯)"
"SA Western Standard Time (America/Lower_Princes)","SA西部标准时间 (美洲/库拉索)"
"SA Western Standard Time (America/Manaus)","SA西部标准时间 (美洲/马瑙斯)"
"SA Western Standard Time (America/Marigot)","SA西部标准时间 (美洲/马里戈)"
"SA Western Standard Time (America/Martinique)","SA西部标准时间 (美洲/马提尼克岛)"
"SA Western Standard Time (America/Montserrat)","SA西部标准时间 (美洲/蒙特塞拉特)"
"SA Western Standard Time (America/Port_of_Spain)","SA西部标准时间 (美洲/西班牙港)"
"SA Western Standard Time (America/Porto_Velho)","SA西部标准时间 (美洲/波多韦柳)"
"SA Western Standard Time (America/Puerto_Rico)","SA西部标准时间 (美洲/波多黎各)"
"SA Western Standard Time (America/Santo_Domingo)","SA西部标准时间 (美洲/圣多明各)"
"SA Western Standard Time (America/St_Barthelemy)","SA西部标准时间 (美洲/圣巴托洛缪岛)"
"SA Western Standard Time (America/St_Kitts)","SA西部标准时间 (美洲/圣基茨)"
"SA Western Standard Time (America/St_Lucia)","SA西部标准时间 (美洲/圣卢西亚)"
"SA Western Standard Time (America/St_Thomas)","SA西部标准时间 (美洲/圣托马斯)"
"SA Western Standard Time (America/St_Vincent)","SA西部标准时间 (美洲/圣文森特)"
"SA Western Standard Time (America/Tortola)","SA西部标准时间 (美洲/托尔托拉)"
"SA Western Standard Time (Etc/GMT+4)","SA西部标准时间 (ETC/GMT+4)"
"SE Asia Standard Time (Antarctica/Davis)","东南亚标准时间 (南极洲/戴维斯)"
"SE Asia Standard Time (Asia/Bangkok)","东南亚标准时间 (亚洲/曼谷)"
"SE Asia Standard Time (Asia/Hovd)","东南亚标准时间 (亚洲/科布多)"
"SE Asia Standard Time (Asia/Jakarta)","东南亚标准时间 (亚洲/雅加达)"
"SE Asia Standard Time (Asia/Phnom_Penh)","东南亚标准时间 (亚洲/金边)"
"SE Asia Standard Time (Asia/Pontianak)","东南亚标准时间 (亚洲/坤甸)"
"SE Asia Standard Time (Asia/Saigon)","东南亚标准时间 (亚洲/西贡)"
"SE Asia Standard Time (Asia/Vientiane)","东南亚标准时间 (亚洲/万象)"
"SE Asia Standard Time (Etc/GMT-7)","东南亚标准时间 (ETC/GMT-7)"
"SE Asia Standard Time (Indian/Christmas)","东南亚标准时间 (印度/圣诞节)"
"Samoa Standard Time (Pacific/Apia)","萨摩亚标准时间 (太平洋/阿皮亚)"
"Singapore Standard Time (Asia/Brunei)","新加坡标准时间 (亚洲/文莱)"
"Singapore Standard Time (Asia/Kuala_Lumpur)","新加坡标准时间 (亚洲/吉隆坡)"
"Singapore Standard Time (Asia/Kuching)","新加坡标准时间 (亚洲/古晋)"
"Singapore Standard Time (Asia/Makassar)","新加坡标准时间 (亚洲/望加锡)"
"Singapore Standard Time (Asia/Manila)","新加坡标准时间 (亚洲/马尼拉)"
"Singapore Standard Time (Asia/Singapore)","新加坡标准时间 (亚洲/新加坡)"
"Singapore Standard Time (Etc/GMT-8)","新加坡标准时间 (ETC/GMT-8)"
"South Africa Standard Time (Africa/Blantyre)","非洲南部标准时间 (非洲/布兰太尔)"
"South Africa Standard Time (Africa/Bujumbura)","非洲南部标准时间 (非洲/布琼布拉)"
"South Africa Standard Time (Africa/Gaborone)","非洲南部标准时间 (非洲/哈博罗内)"
"South Africa Standard Time (Africa/Harare)","非洲南部标准时间 (非洲/哈拉雷)"
"South Africa Standard Time (Africa/Johannesburg)","非洲南部标准时间 (非洲/约翰内斯堡)"
"South Africa Standard Time (Africa/Kigali)","非洲南部标准时间 (非洲/基加利)"
"South Africa Standard Time (Africa/Lubumbashi)","非洲南部标准时间 (非洲/卢本巴希)"
"South Africa Standard Time (Africa/Lusaka)","非洲南部标准时间 (非洲/卢萨卡)"
"South Africa Standard Time (Africa/Maputo)","非洲南部标准时间 (非洲/马普托)"
"South Africa Standard Time (Africa/Maseru)","非洲南部标准时间 (非洲/马塞卢)"
"South Africa Standard Time (Africa/Mbabane)","非洲南部标准时间 (非洲/姆巴巴内)"
"South Africa Standard Time (Etc/GMT-2)","非洲南部标准时间 (ETC/GMT-2)"
"Sri Lanka Standard Time (Asia/Colombo)","斯里兰卡标准时间 (亚洲/科伦坡)"
"Syria Standard Time (Asia/Damascus)","叙利亚标准时间 (亚洲/大马士革)"
"Taipei Standard Time (Asia/Taipei)","台北标准时间 (亚洲/台北)"
"Tasmania Standard Time (Australia/Currie)","塔斯马尼亚岛标准时间 (澳大利亚/柯里)"
"Tasmania Standard Time (Australia/Hobart)","塔斯马尼亚岛标准时间 (澳大利亚/霍巴特)"
"Tokyo Standard Time (Asia/Dili)","东京标准时间 (亚洲/帝力)"
"Tokyo Standard Time (Asia/Jayapura)","东京标准时间 (亚洲/查亚普拉)"
"Tokyo Standard Time (Asia/Tokyo)","东京标准时间 (亚洲/东京)"
"Tokyo Standard Time (Etc/GMT-9)","东京标准时间 (ETC/GMT-9)"
"Tokyo Standard Time (Pacific/Palau)","东京标准时间 (太平洋/帕劳)"
"Tonga Standard Time (Etc/GMT-13)","汤加标准时间 (ETC/GMT-13)"
"Tonga Standard Time (Pacific/Enderbury)","汤加标准时间 (太平洋/恩德伯里)"
"Tonga Standard Time (Pacific/Fakaofo)","汤加标准时间 (太平洋/法考福)"
"Tonga Standard Time (Pacific/Tongatapu)","汤加标准时间 (太平洋/汤加塔布岛)"
"Turkey Standard Time (Europe/Istanbul)","土耳其标准时间 (欧洲/伊斯坦布尔)"
"US Eastern Standard Time (America/Indiana/Marengo)","美国东部标准时间 (美洲/印第安纳州/马伦戈)"
"US Eastern Standard Time (America/Indiana/Vevay)","美国东部标准时间 (美洲/印第安纳州/韦韦)"
"US Eastern Standard Time (America/Indianapolis)","美国东部标准时间 (美洲/印第安纳波利斯)"
"US Mountain Standard Time (America/Creston)","美国山地标准时间 (美洲/克雷斯顿)"
"US Mountain Standard Time (America/Dawson_Creek)","美国山地标准时间 (美洲/道森克里克)"
"US Mountain Standard Time (America/Hermosillo)","美国山地标准时间 (美洲/埃莫西约)"
"US Mountain Standard Time (America/Phoenix)","美国山地标准时间 (美洲/凤凰城)"
"US Mountain Standard Time (Etc/GMT+7)","美国山地标准时间 (ETC/GMT + 7)"
"UTC (America/Danmarkshavn)","UTC (美洲/丹马沙)"
"UTC (Etc/GMT)","UTC (ETC/GMT)"
"UTC+12 (Etc/GMT-12)","UTC+12 (ETC/GMT-12)"
"UTC+12 (Pacific/Funafuti)","UTC+12 (太平洋/富纳富提)"
"UTC+12 (Pacific/Kwajalein)","UTC+12 (太平洋/夸贾林岛)"
"UTC+12 (Pacific/Majuro)","UTC+12 (太平洋/马朱罗)"
"UTC+12 (Pacific/Nauru)","UTC+12 (太平洋/瑙鲁)"
"UTC+12 (Pacific/Tarawa)","UTC+12 (太平洋/塔拉瓦)"
"UTC+12 (Pacific/Wake)","UTC+12 (太平洋/唤醒)"
"UTC+12 (Pacific/Wallis)","UTC+12 (太平洋/沃利斯)"
"UTC-02 (America/Noronha)","UTC-02 (美洲/迪诺罗尼亚)"
"UTC-02 (Atlantic/South_Georgia)","UTC-02 (大西洋/南乔治亚)"
"UTC-02 (Etc/GMT+2)","UTC-02 (ETC/GMT+2)"
"UTC-11 (Etc/GMT+11)","UTC-11 (ETC/GMT+11)"
"UTC-11 (Pacific/Midway)","UTC-11 (太平洋/中途岛)"
"UTC-11 (Pacific/Niue)","UTC-11 (太平洋/纽埃岛)"
"UTC-11 (Pacific/Pago_Pago)","UTC-11 (太平洋/帕果帕果)"
"Ulaanbaatar Standard Time (Asia/Choibalsan)","乌兰巴托标准时间 (亚洲/乔巴山)"
"Ulaanbaatar Standard Time (Asia/Ulaanbaatar)","乌兰巴托标准时间 (亚洲/乌兰巴托)"
"Venezuela Standard Time (America/Caracas)","委内瑞拉标准时间 (美洲/加拉加斯)"
"Vladivostok Standard Time (Asia/Sakhalin)","海参崴标准时间 (亚洲/萨哈林岛)"
"Vladivostok Standard Time (Asia/Ust-Nera)","海参崴标准时间 (亚洲/乌斯季挪拉)"
"Vladivostok Standard Time (Asia/Vladivostok)","海参崴标准时间 (亚洲/符拉迪沃斯托克)"
"W. Australia Standard Time (Antarctica/Casey)","澳大利亚西部标准时间 (南极洲/凯西)"
"W. Australia Standard Time (Australia/Perth)","澳大利亚西部标准时间 (澳大利亚/珀斯)"
"W. Central Africa Standard Time (Africa/Algiers)","中非西部标准时间 (非洲/阿尔及尔)"
"W. Central Africa Standard Time (Africa/Bangui)","中非西部标准时间 (非洲/班吉)"
"W. Central Africa Standard Time (Africa/Brazzaville)","中非西部标准时间 (非洲/布拉柴维尔)"
"W. Central Africa Standard Time (Africa/Douala)","中非西部标准时间 (非洲/杜阿拉)"
"W. Central Africa Standard Time (Africa/Kinshasa)","中非西部标准时间 (非洲/金沙萨)"
"W. Central Africa Standard Time (Africa/Lagos)","中非西部标准时间 (非洲/拉各斯)"
"W. Central Africa Standard Time (Africa/Libreville)","中非西部标准时间 (非洲/利伯维尔)"
"W. Central Africa Standard Time (Africa/Luanda)","中非西部标准时间 (非洲/罗安达)"
"W. Central Africa Standard Time (Africa/Malabo)","中非西部标准时间 (非洲/马拉博)"
"W. Central Africa Standard Time (Africa/Ndjamena)","中非西部标准时间 (非洲/恩贾梅纳)"
"W. Central Africa Standard Time (Africa/Niamey)","中非西部标准时间 (非洲/尼亚美)"
"W. Central Africa Standard Time (Africa/Porto-Novo)","中非西部标准时间 (非洲/波多诺伏)"
"W. Central Africa Standard Time (Africa/Tunis)","中非西部标准时间 (非洲/突尼斯)"
"W. Central Africa Standard Time (Etc/GMT-1)","中非西部标准时间 (ETC/GMT-1)"
"W. Europe Standard Time (Arctic/Longyearbyen)","欧洲西部标准时间 (北极/朗伊尔城)"
"W. Europe Standard Time (Europe/Amsterdam)","欧洲西部标准时间 (欧洲/阿姆斯特丹)"
"W. Europe Standard Time (Europe/Andorra)","欧洲西部标准时间 (欧洲/安道尔)"
"W. Europe Standard Time (Europe/Berlin)","欧洲西部标准时间 (欧洲/柏林)"
"W. Europe Standard Time (Europe/Busingen)","欧洲西部标准时间 (欧洲/布辛根)"
"W. Europe Standard Time (Europe/Gibraltar)","欧洲西部标准时间 (欧洲/直布罗陀)"
"W. Europe Standard Time (Europe/Luxembourg)","欧洲西部标准时间 (欧洲/卢森堡)"
"W. Europe Standard Time (Europe/Malta)","欧洲西部标准时间 (欧洲/马耳他)"，
"W. Europe Standard Time (Europe/Monaco)","欧洲西部标准时间 (欧洲/摩纳哥)"
"W. Europe Standard Time (Europe/Oslo)","欧洲西部标准时间 (欧洲/奥斯陆)"
"W. Europe Standard Time (Europe/Rome)","欧洲西部标准时间 (欧洲/罗马)"
"W. Europe Standard Time (Europe/San_Marino)","欧洲西部标准时间 (欧洲/圣马力诺)"
"W. Europe Standard Time (Europe/Stockholm)","欧洲西部标准时间 (欧洲/斯德哥尔摩)"
"W. Europe Standard Time (Europe/Vaduz)","欧洲西部标准时间 (欧洲/瓦杜兹)"
"W. Europe Standard Time (Europe/Vatican)","欧洲西部标准时间 (欧洲/梵蒂冈)"
"W. Europe Standard Time (Europe/Vienna)","欧洲西部标准时间 (欧洲/维也纳)"
"W. Europe Standard Time (Europe/Zurich)","欧洲西部标准时间 (欧洲/苏黎世)"
"West Asia Standard Time (Antarctica/Mawson)","西亚标准时间 (南极洲/莫森)"
"West Asia Standard Time (Asia/Aqtau)","西亚标准时间 (亚洲/阿克陶)"
"West Asia Standard Time (Asia/Aqtobe)","西亚标准时间 (亚洲/阿克托别)"
"West Asia Standard Time (Asia/Ashgabat)","西亚标准时间 (亚洲/阿什哈巴德)"
"West Asia Standard Time (Asia/Dushanbe)","西亚标准时间 (亚洲/杜尚别)"
"West Asia Standard Time (Asia/Oral)","西亚标准时间 (亚洲/口述)"
"West Asia Standard Time (Asia/Samarkand)","西亚标准时间 (亚洲/撒马尔罕)"
"West Asia Standard Time (Asia/Tashkent)","西亚标准时间 (亚洲/塔什干)"
"West Asia Standard Time (Etc/GMT-5)","西亚标准时间 (ETC/GMT-5)"
"West Asia Standard Time (Indian/Kerguelen)","西亚标准时间 (印度/凯尔盖朗)"
"West Asia Standard Time (Indian/Maldives)","西亚标准时间 (印度/马尔代夫)"
"West Pacific Standard Time (Antarctica/DumontDUrville)","西太平洋标准时间 (南极洲/杜蒙杜尔维尔)"
"West Pacific Standard Time (Etc/GMT-10)","西太平洋标准时间 (ETC/GMT-10)"
"West Pacific Standard Time (Pacific/Guam)","西太平洋标准时间 (太平洋/关岛)"
"West Pacific Standard Time (Pacific/Port_Moresby)","西太平洋标准时间 (太平洋/莫尔兹比港)"
"West Pacific Standard Time (Pacific/Saipan)","西太平洋标准时间 (太平洋/塞班)"
"West Pacific Standard Time (Pacific/Truk)","西太平洋标准时间 (太平洋/特鲁克)"
"Yakutsk Standard Time (Asia/Khandyga)","雅库茨克标准时间 (亚洲/汉德加)"
"Yakutsk Standard Time (Asia/Yakutsk)","雅库茨克标准时间 (亚洲/雅库茨克)"
